nodeId,startNode,endNode
ICONF00103_IHALL01503,ICONF00103,IHALL01503
ICONF00104_IHALL01304,ICONF00104,IHALL01304
ICONF00105_IHALL00205,ICONF00105,IHALL00205
ICONF00305_IHALL01505,ICONF00305,IHALL01505
IDEPT00101_IHALL02001,IDEPT00101,IHALL02001
IDEPT00103_IHALL01303,IDEPT00103,IHALL01303
IDEPT00104_IHALL03804,IDEPT00104,IHALL03804
IDEPT00105_IHALL00405,IDEPT00105,IHALL00405
IDEPT00202_IHALL00202,IDEPT00202,IHALL00202
IDEPT00203_IHALL00403,IDEPT00203,IHALL00403
IDEPT00204_IHALL03904,IDEPT00204,IHALL03904
IDEPT00205_IHALL00605,IDEPT00205,IHALL00605
IDEPT00302_IHALL00302,IDEPT00302,IHALL00302
IDEPT00303_IHALL00503,IDEPT00303,IHALL00503
IDEPT00304_IHALL03604,IDEPT00304,IHALL03604
IDEPT00401_IHALL00501,IDEPT00401,IHALL00501
IDEPT00402_IHALL00402,IDEPT00402,IHALL00402
IDEPT00405_IHALL01405,IDEPT00405,IHALL01405
IDEPT00502_IHALL02602,IDEPT00502,IHALL02602
IDEPT00801_IHALL01501,IDEPT00801,IHALL01501
IDEPT00802_IHALL01502,IDEPT00802,IHALL01502
IDEPT00804_IHALL02504,IDEPT00804,IHALL02504
IDEPT00805_IHALL01905,IDEPT00805,IHALL01905
IDEPT00901_IHALL01601,IDEPT00901,IHALL01601
IDEPT00902_IHALL01402,IDEPT00902,IHALL01402
IDEPT00904_IHALL02604,IDEPT00904,IHALL02604
IDEPT00905_IHALL02005,IDEPT00905,IHALL02005
IDEPT01102_IHALL02002,IDEPT01102,IHALL02002
IDEPT01104_IHALL03104,IDEPT01104,IHALL03104
IDEPT01105_IHALL01805,IDEPT01105,IHALL01805
IDEPT01202_IHALL02302,IDEPT01202,IHALL02302
IDEPT01204_IHALL03104,IDEPT01204,IHALL03104
IDEPT01205_IHALL02805,IDEPT01205,IHALL02805
IDEPT01304_IHALL03204,IDEPT01304,IHALL03204
IDEPT01405_IHALL02605,IDEPT01405,IHALL02605
IDEPT01504_IHALL01504,IDEPT01504,IHALL01504
IDEPT01505_IHALL02705,IDEPT01505,IHALL02705
IDEPT01904_IHALL01404,IDEPT01904,IHALL01404
IDEPT01905_IHALL03405,IDEPT01905,IHALL03405
IDEPT02104_IHALL00204,IDEPT02104,IHALL00204
IDEPT02204_IHALL00304,IDEPT02204,IHALL00304
IDEPT02304_IHALL00604,IDEPT02304,IHALL00604
IDEPT02404_IHALL00804,IDEPT02404,IHALL00804
IELEV00101_IELEV00102,IELEV00101,IELEV00102
IELEV00102_IELEV00103,IELEV00102,IELEV00103
IELEV00103_IELEV00104,IELEV00103,IELEV00104
IELEV00104_IELEV00105,IELEV00104,IELEV00105
IELEV00105_IHALL01305,IELEV00105,IHALL01305
IELEV00201_IELEV00202,IELEV00201,IELEV00202
IELEV00201_IHALL02601,IELEV00201,IHALL02601
IELEV00202_IELEV00203,IELEV00202,IELEV00203
IELEV00203_IELEV00204,IELEV00203,IELEV00204
IELEV00203_IHALL02003,IELEV00203,IHALL02003
IELEV00204_IELEV00205,IELEV00204,IELEV00205
IELEV00204_IHALL02004,IELEV00204,IHALL02004
IELEV00301_IELEV00302,IELEV00301,IELEV00302
IELEV00301_IHALL02501,IELEV00301,IHALL02501
IELEV00302_IELEV00303,IELEV00302,IELEV00303
IELEV00303_IELEV00304,IELEV00303,IELEV00304
IELEV00304_IELEV00305,IELEV00304,IELEV00305
IELEV00305_IHALL02505,IELEV00305,IHALL02505
IEXIT00101_IHALL01301,IEXIT00101,IHALL01301
IHALL00102_IDEPT00102,IHALL00102,IDEPT00102
IHALL00102_IHALL00202,IHALL00102,IHALL00202
IHALL00103_IHALL00203,IHALL00103,IHALL00203
IHALL00104_IHALL00204,IHALL00104,IHALL00204
IHALL00104_IHALL01104,IHALL00104,IHALL01104
IHALL00105_IHALL00205,IHALL00105,IHALL00205
IHALL00301_IHALL00201,IHALL00301,IHALL00201
IHALL00302_IHALL00202,IHALL00302,IHALL00202
IHALL00303_IHALL00203,IHALL00303,IHALL00203
IHALL00304_IHALL00204,IHALL00304,IHALL00204
IHALL00305_IHALL00205,IHALL00305,IHALL00205
IHALL00401_IHALL00201,IHALL00401,IHALL00201
IHALL00402_IHALL00302,IHALL00402,IHALL00302
IHALL00403_IHALL00303,IHALL00403,IHALL00303
IHALL00404_IHALL00304,IHALL00404,IHALL00304
IHALL00405_IHALL00305,IHALL00405,IHALL00305
IHALL00501_IHALL00401,IHALL00501,IHALL00401
IHALL00502_IHALL00402,IHALL00502,IHALL00402
IHALL00503_IHALL00403,IHALL00503,IHALL00403
IHALL00504_IHALL00404,IHALL00504,IHALL00404
IHALL00505_IHALL00405,IHALL00505,IHALL00405
IHALL00601_IHALL00501,IHALL00601,IHALL00501
IHALL00602_IDEPT00602,IHALL00602,IDEPT00602
IHALL00602_IHALL00502,IHALL00602,IHALL00502
IHALL00603_IDEPT00403,IHALL00603,IDEPT00403
IHALL00603_IHALL00503,IHALL00603,IHALL00503
IHALL00604_IHALL00504,IHALL00604,IHALL00504
IHALL00605_IHALL00505,IHALL00605,IHALL00505
IHALL00701_IHALL00601,IHALL00701,IHALL00601
IHALL00702_IDEPT00702,IHALL00702,IDEPT00702
IHALL00702_IHALL00602,IHALL00702,IHALL00602
IHALL00703_IDEPT00503,IHALL00703,IDEPT00503
IHALL00703_IHALL00603,IHALL00703,IHALL00603
IHALL00704_IHALL00604,IHALL00704,IHALL00604
IHALL00705_IHALL00605,IHALL00705,IHALL00605
IHALL00801_IHALL00701,IHALL00801,IHALL00701
IHALL00801_IREST00201,IHALL00801,IREST00201
IHALL00802_IELEV00202,IHALL00802,IELEV00202
IHALL00802_IHALL00702,IHALL00802,IHALL00702
IHALL00803_IDEPT00603,IHALL00803,IDEPT00603
IHALL00803_IHALL00703,IHALL00803,IHALL00703
IHALL00804_IHALL00704,IHALL00804,IHALL00704
IHALL00805_IHALL00705,IHALL00805,IHALL00705
IHALL00901_IDEPT00501,IHALL00901,IDEPT00501
IHALL00901_IHALL00801,IHALL00901,IHALL00801
IHALL00901_IHALL01001,IHALL00901,IHALL01001
IHALL00901_IHALL01401,IHALL00901,IHALL01401
IHALL00902_IHALL00702,IHALL00902,IHALL00702
IHALL00902_IHALL01002,IHALL00902,IHALL01002
IHALL00902_IHALL01102,IHALL00902,IHALL01102
IHALL00903_IHALL00803,IHALL00903,IHALL00803
IHALL00903_IHALL01003,IHALL00903,IHALL01003
IHALL00904_IDEPT02504,IHALL00904,IDEPT02504
IHALL00904_IHALL00804,IHALL00904,IHALL00804
IHALL00904_IHALL01004,IHALL00904,IHALL01004
IHALL00905_IDEPT00305,IHALL00905,IDEPT00305
IHALL00905_IHALL00805,IHALL00905,IHALL00805
IHALL00905_IHALL01005,IHALL00905,IHALL01005
IHALL01001_IDEPT00701,IHALL01001,IDEPT00701
IHALL01005_ICONF00205,IHALL01005,ICONF00205
IHALL01101_IELEV00101,IHALL01101,IELEV00101
IHALL01101_IHALL00601,IHALL01101,IHALL00601
IHALL01101_ISTAI00301,IHALL01101,ISTAI00301
IHALL01102_IDEPT01002,IHALL01102,IDEPT01002
IHALL01103_IELEV00103,IHALL01103,IELEV00103
IHALL01103_IHALL01003,IHALL01103,IHALL01003
IHALL01103_IREST00103,IHALL01103,IREST00103
IHALL01103_ISTAI00203,IHALL01103,ISTAI00203
IHALL01104_IHALL01004,IHALL01104,IHALL01004
IHALL01104_IHALL01304,IHALL01104,IHALL01304
IHALL01105_IHALL01005,IHALL01105,IHALL01005
IHALL01201_IHALL01101,IHALL01201,IHALL01101
IHALL01201_IHALL01301,IHALL01201,IHALL01301
IHALL01201_ISTAI00401,IHALL01201,ISTAI00401
IHALL01202_IELEV00302,IHALL01202,IELEV00302
IHALL01202_IHALL01102,IHALL01202,IHALL01102
IHALL01202_IHALL02602,IHALL01202,IHALL02602
IHALL01202_IHALL02702,IHALL01202,IHALL02702
IHALL01203_IHALL00103,IHALL01203,IHALL00103
IHALL01203_IHALL01003,IHALL01203,IHALL01003
IHALL01203_IHALL01303,IHALL01203,IHALL01303
IHALL01204_IELEV00104,IHALL01204,IELEV00104
IHALL01204_IHALL01104,IHALL01204,IHALL01104
IHALL01204_IREST00104,IHALL01204,IREST00104
IHALL01204_ISTAI00504,IHALL01204,ISTAI00504
IHALL01205_IHALL00105,IHALL01205,IHALL00105
IHALL01205_IHALL01105,IHALL01205,IHALL01105
IHALL01205_IHALL01305,IHALL01205,IHALL01305
IHALL01205_IHALL01405,IHALL01205,IHALL01405
IHALL01402_IHALL01302,IHALL01402,IHALL01302
IHALL01403_IHALL01303,IHALL01403,IHALL01303
IHALL01404_IDEPT02004,IHALL01404,IDEPT02004
IHALL01404_IHALL01304,IHALL01404,IHALL01304
IHALL01405_ICONF00405,IHALL01405,ICONF00405
IHALL01501_IHALL01401,IHALL01501,IHALL01401
IHALL01502_IHALL01402,IHALL01502,IHALL01402
IHALL01503_IHALL01403,IHALL01503,IHALL01403
IHALL01503_IREST00203,IHALL01503,IREST00203
IHALL01504_IDEPT01804,IHALL01504,IDEPT01804
IHALL01504_IHALL01404,IHALL01504,IHALL01404
IHALL01505_IHALL01405,IHALL01505,IHALL01405
IHALL01601_IHALL01401,IHALL01601,IHALL01401
IHALL01601_IHALL02701,IHALL01601,IHALL02701
IHALL01602_IHALL01502,IHALL01602,IHALL01502
IHALL01602_ISERV00102,IHALL01602,ISERV00102
IHALL01603_IHALL01403,IHALL01603,IHALL01403
IHALL01604_IDEPT01704,IHALL01604,IDEPT01704
IHALL01604_IHALL01504,IHALL01604,IHALL01504
IHALL01605_IDEPT00505,IHALL01605,IDEPT00505
IHALL01605_IDEPT01005,IHALL01605,IDEPT01005
IHALL01605_IHALL01505,IHALL01605,IHALL01505
IHALL01701_IHALL01601,IHALL01701,IHALL01601
IHALL01701_IHALL02101,IHALL01701,IHALL02101
IHALL01702_IHALL01602,IHALL01702,IHALL01602
IHALL01703_IHALL01603,IHALL01703,IHALL01603
IHALL01703_ISERV00703,IHALL01703,ISERV00703
IHALL01704_IHALL01604,IHALL01704,IHALL01604
IHALL01704_ISERV01004,IHALL01704,ISERV01004
IHALL01705_IDEPT00605,IHALL01705,IDEPT00605
IHALL01705_IHALL01605,IHALL01705,IHALL01605
IHALL01801_IDEPT00601,IHALL01801,IDEPT00601
IHALL01801_IHALL00601,IHALL01801,IHALL00601
IHALL01801_IHALL01701,IHALL01801,IHALL01701
IHALL01802_IHALL01702,IHALL01802,IHALL01702
IHALL01803_IHALL01703,IHALL01803,IHALL01703
IHALL01803_ISERV00303,IHALL01803,ISERV00303
IHALL01804_IDEPT01604,IHALL01804,IDEPT01604
IHALL01804_IHALL01704,IHALL01804,IHALL01704
IHALL01805_IDEPT00705,IHALL01805,IDEPT00705
IHALL01805_IHALL01705,IHALL01805,IHALL01705
IHALL01901_IDEPT00201,IHALL01901,IDEPT00201
IHALL01901_IHALL01701,IHALL01901,IHALL01701
IHALL01901_IHALL02001,IHALL01901,IHALL02001
IHALL01902_IHALL01802,IHALL01902,IHALL01802
IHALL01902_IHALL02002,IHALL01902,IHALL02002
IHALL01902_IHALL02502,IHALL01902,IHALL02502
IHALL01903_IHALL01803,IHALL01903,IHALL01803
IHALL01903_IHALL02003,IHALL01903,IHALL02003
IHALL01904_IHALL01804,IHALL01904,IHALL01804
IHALL01904_IHALL02004,IHALL01904,IHALL02004
IHALL01904_ISTAI00304,IHALL01904,ISTAI00304
IHALL01905_IHALL01805,IHALL01905,IHALL01805
IHALL01905_IHALL02005,IHALL01905,IHALL02005
IHALL02001_IDEPT00301,IHALL02001,IDEPT00301
IHALL02003_IELEV00303,IHALL02003,IELEV00303
IHALL02004_IELEV00304,IHALL02004,IELEV00304
IHALL02102_IHALL02002,IHALL02102,IHALL02002
IHALL02102_IREST00102,IHALL02102,IREST00102
IHALL02103_ISERV00203,IHALL02103,ISERV00203
IHALL02104_IHALL02004,IHALL02104,IHALL02004
IHALL02105_IHALL02005,IHALL02105,IHALL02005
IHALL02105_ILAB00105,IHALL02105,ILAB00105
IHALL02201_IHALL02101,IHALL02201,IHALL02101
IHALL02202_IHALL02102,IHALL02202,IHALL02102
IHALL02203_IHALL02003,IHALL02203,IHALL02003
IHALL02203_IHALL02103,IHALL02203,IHALL02103
IHALL02203_ISERV00103,IHALL02203,ISERV00103
IHALL02204_IHALL02104,IHALL02204,IHALL02104
IHALL02205_IDEPT01305,IHALL02205,IDEPT01305
IHALL02205_IHALL02105,IHALL02205,IHALL02105
IHALL02205_ISTAI00305,IHALL02205,ISTAI00305
IHALL02301_IHALL02201,IHALL02301,IHALL02201
IHALL02301_ISERV00101,IHALL02301,ISERV00101
IHALL02302_IHALL02202,IHALL02302,IHALL02202
IHALL02303_IHALL02203,IHALL02303,IHALL02203
IHALL02303_ISERV00403,IHALL02303,ISERV00403
IHALL02304_IDEPT00504,IHALL02304,IDEPT00504
IHALL02304_IHALL02204,IHALL02304,IHALL02204
IHALL02305_IHALL02205,IHALL02305,IHALL02205
IHALL02305_IHALL02805,IHALL02305,IHALL02805
IHALL02401_IHALL02301,IHALL02401,IHALL02301
IHALL02401_IHALL02501,IHALL02401,IHALL02501
IHALL02401_ISTAI00101,IHALL02401,ISTAI00101
IHALL02402_IELEV00102,IHALL02402,IELEV00102
IHALL02402_IHALL02302,IHALL02402,IHALL02302
IHALL02402_IHALL02502,IHALL02402,IHALL02502
IHALL02402_ISTAI00202,IHALL02402,ISTAI00202
IHALL02404_IDEPT00604,IHALL02404,IDEPT00604
IHALL02404_IDEPT00704,IHALL02404,IDEPT00704
IHALL02404_IHALL02304,IHALL02404,IHALL02304
IHALL02404_IHALL02504,IHALL02404,IHALL02504
IHALL02405_IHALL02305,IHALL02405,IHALL02305
IHALL02405_IHALL02505,IHALL02405,IHALL02505
IHALL02601_IHALL02501,IHALL02601,IHALL02501
IHALL02602_IHALL01302,IHALL02602,IHALL01302
IHALL02604_IHALL02504,IHALL02604,IHALL02504
IHALL02605_IHALL02505,IHALL02605,IHALL02505
IHALL02702_IHALL01302,IHALL02702,IHALL01302
IHALL02704_IHALL02604,IHALL02704,IHALL02604
IHALL02801_IHALL02701,IHALL02801,IHALL02701
IHALL02801_IHALL03001,IHALL02801,IHALL03001
IHALL02804_IHALL02704,IHALL02804,IHALL02704
IHALL02804_ISERV00704,IHALL02804,ISERV00704
IHALL02901_IHALL02801,IHALL02901,IHALL02801
IHALL02904_IDEPT01004,IHALL02904,IDEPT01004
IHALL02904_IHALL02804,IHALL02904,IHALL02804
IHALL02904_IHALL03004,IHALL02904,IHALL03004
IHALL02905_IELEV00205,IHALL02905,IELEV00205
IHALL02905_IHALL02805,IHALL02905,IHALL02805
IHALL02905_IHALL03005,IHALL02905,IHALL03005
IHALL02905_IREST00205,IHALL02905,IREST00205
IHALL03001_IDEPT01001,IHALL03001,IDEPT01001
IHALL03004_ISERV00804,IHALL03004,ISERV00804
IHALL03005_ICONF00505,IHALL03005,ICONF00505
IHALL03005_IHALL02605,IHALL03005,IHALL02605
IHALL03101_IHALL03001,IHALL03101,IHALL03001
IHALL03104_IHALL03004,IHALL03104,IHALL03004
IHALL03105_IDEPT01605,IHALL03105,IDEPT01605
IHALL03105_IDEPT01705,IHALL03105,IDEPT01705
IHALL03105_IHALL03005,IHALL03105,IHALL03005
IHALL03204_IHALL03104,IHALL03204,IHALL03104
IHALL03204_ISERV00904,IHALL03204,ISERV00904
IHALL03205_IDEPT01805,IHALL03205,IDEPT01805
IHALL03205_IHALL03105,IHALL03205,IHALL03105
IHALL03304_IDEPT01404,IHALL03304,IDEPT01404
IHALL03304_IHALL03204,IHALL03304,IHALL03204
IHALL03304_ISTAI00404,IHALL03304,ISTAI00404
IHALL03305_IHALL03205,IHALL03305,IHALL03205
IHALL03404_ICONF00304,IHALL03404,ICONF00304
IHALL03404_IHALL02104,IHALL03404,IHALL02104
IHALL03404_ISERV00104,IHALL03404,ISERV00104
IHALL03405_IHALL03305,IHALL03405,IHALL03305
IHALL03405_IREST00305,IHALL03405,IREST00305
IHALL03504_IDEPT00404,IHALL03504,IDEPT00404
IHALL03504_IHALL03404,IHALL03504,IHALL03404
IHALL03504_IHALL03604,IHALL03504,IHALL03604
IHALL03504_ISERV00204,IHALL03504,ISERV00204
IHALL03505_IDEPT02005,IHALL03505,IDEPT02005
IHALL03505_ISTAI00105,IHALL03505,ISTAI00105
IHALL03704_IHALL03604,IHALL03704,IHALL03604
IHALL03804_ICONF00204,IHALL03804,ICONF00204
IHALL03804_IHALL03704,IHALL03804,IHALL03704
IHALL03904_IHALL03804,IHALL03904,IHALL03804
IKIOS00101_IHALL01301,IKIOS00101,IHALL01301
ILAB00101_IHALL00301,ILAB00101,IHALL00301
ILAB00201_IHALL02101,ILAB00201,IHALL02101
ILAB00301_IHALL02201,ILAB00301,IHALL02201
ILAB00401_IHALL02901,ILAB00401,IHALL02901
IPARK00201_IWALK01201,IPARK00201,IWALK01201
IPARK00301_IWALK01201,IPARK00301,IWALK01201
IPARK00401_IWALK01201,IPARK00401,IWALK01201
IPARK00501_IWALK01201,IPARK00501,IWALK01201
IPARK00601_IWALK01201,IPARK00601,IWALK01201
IPARK00701_IWALK01201,IPARK00701,IWALK01201
IPARK00801_IWALK01201,IPARK00801,IWALK01201
IPARK00901_IWALK01201,IPARK00901,IWALK01201
IPARK01001_IWALK01201,IPARK01001,IWALK01201
IPARK01101_IWALK01201,IPARK01101,IWALK01201
IPARK01201_IWALK01201,IPARK01201,IWALK01201
IPARK01301_IWALK00101,IPARK01301,IWALK00101
IPARK01401_IWALK00101,IPARK01401,IWALK00101
IPARK01501_IWALK00101,IPARK01501,IWALK00101
IPARK01701_IWALK00101,IPARK01701,IWALK00101
IPARK01801_IWALK00101,IPARK01801,IWALK00101
IPARK01901_IWALK00101,IPARK01901,IWALK00101
IPARK02001_IWALK00101,IPARK02001,IWALK00101
IPARK02101_IWALK00101,IPARK02101,IWALK00101
IPARK02201_IWALK00101,IPARK02201,IWALK00101
IPARK02301_IWALK00101,IPARK02301,IWALK00101
IPARK02401_IWALK00101,IPARK02401,IWALK00101
IPARK02501_IWALK00101,IPARK02501,IWALK00101
IPARK02601_IWALK00101,IPARK02601,IWALK00101
IPARK02701_IWALK00101,IPARK02701,IWALK00101
IPARK02801_IWALK00101,IPARK02801,IWALK00101
IPARK02901_IWALK00101,IPARK02901,IWALK00101
IPARK03001_IWALK00101,IPARK03001,IWALK00101
IREST00101_IHALL00401,IREST00101,IHALL00401
IREST00103_IHALL00403,IREST00103,IHALL00403
IREST00104_IHALL00504,IREST00104,IHALL00504
IREST00105_IHALL00505,IREST00105,IHALL00505
IREST00105_IHALL01305,IREST00105,IHALL01305
IREST00202_IHALL02702,IREST00202,IHALL02702
IREST00204_IHALL03604,IREST00204,IHALL03604
IREST00303_IHALL02103,IREST00303,IHALL02103
IREST00304_IHALL02204,IREST00304,IHALL02204
IRETL00101_IHALL01301,IRETL00101,IHALL01301
ISERV00202_IHALL00202,ISERV00202,IHALL00202
ISERV00301_IHALL02701,ISERV00301,IHALL02701
ISERV00302_IHALL00402,ISERV00302,IHALL00402
ISERV00304_IHALL02104,ISERV00304,IHALL02104
ISERV00402_IHALL00502,ISERV00402,IHALL00502
ISERV00404_IHALL02704,ISERV00404,IHALL02704
ISERV00503_IHALL02303,ISERV00503,IHALL02303
ISERV00504_IHALL02804,ISERV00504,IHALL02804
ISERV00603_IHALL02303,ISERV00603,IHALL02303
ISERV00604_IHALL03004,ISERV00604,IHALL03004
ISTAI00102_IHALL01002,ISTAI00102,IHALL01002
ISTAI00102_ISTAI00101,ISTAI00102,ISTAI00101
ISTAI00103_IHALL01903,ISTAI00103,IHALL01903
ISTAI00103_ISTAI00102,ISTAI00103,ISTAI00102
ISTAI00103_ISTAI00304,ISTAI00103,ISTAI00304
ISTAI00104_IHALL03904,ISTAI00104,IHALL03904
ISTAI00105_ISTAI00104,ISTAI00105,ISTAI00104
ISTAI00201_IHALL03101,ISTAI00201,IHALL03101
ISTAI00201_ISTAI00404,ISTAI00201,ISTAI00404
ISTAI00202_ISTAI00301,ISTAI00202,ISTAI00301
ISTAI00203_ISTAI00202,ISTAI00203,ISTAI00202
ISTAI00203_ISTAI00504,ISTAI00203,ISTAI00504
ISTAI00204_IHALL03704,ISTAI00204,IHALL03704
ISTAI00205_IHALL03305,ISTAI00205,IHALL03305
ISTAI00205_ISTAI00204,ISTAI00205,ISTAI00204
ISTAI00305_ISTAI00304,ISTAI00305,ISTAI00304
ISTAI00405_IHALL02705,ISTAI00405,IHALL02705
ISTAI00405_ISTAI00404,ISTAI00405,ISTAI00404
ISTAI00505_IHALL01305,ISTAI00505,IHALL01305
ISTAI00505_ISTAI00504,ISTAI00505,ISTAI00504
IWALK00101_IPARK01601,IWALK00101,IPARK01601
IWALK00101_IWALK00201,IWALK00101,IWALK00201
IWALK00201_IWALK00301,IWALK00201,IWALK00301
IWALK00301_IWALK00401,IWALK00301,IWALK00401
IWALK00401_IWALK00501,IWALK00401,IWALK00501
IWALK00501_IWALK00601,IWALK00501,IWALK00601
IWALK00601_IWALK00701,IWALK00601,IWALK00701
IWALK00701_IWALK00801,IWALK00701,IWALK00801
IWALK00701_IWALK01101,IWALK00701,IWALK01101
IWALK00801_IWALK00901,IWALK00801,IWALK00901
IWALK00901_IWALK01001,IWALK00901,IWALK01001
IWALK01001_IEXIT00101,IWALK01001,IEXIT00101
IWALK01001_IWALK01301,IWALK01001,IWALK01301
IWALK01101_IEXIT00201,IWALK01101,IEXIT00201
IWALK01201_IPARK00101,IWALK01201,IPARK00101
IWALK01301_IWALK01201,IWALK01301,IWALK01201
IWALK01501_IWALK01201,IWALK01501,IWALK01201
